{
  "input": {
    "name": "input",
    "samples": 132300,
    "peak": 0.39849853515625,
    "rms": 0.14229390155156108,
    "crest": 2.8005313707126906,
    "channel_delta_max": 0.0
  },
  "output": {
    "name": "output",
    "samples": 132300,
    "peak": 0.28063911484474025,
    "rms": 0.09091668159690149,
    "crest": 3.0867725252997427,
    "channel_delta_max": 0.0
  },
  "mode": "roundtrip",
  "encode": {
    "input_clip": [
      false,
      false
    ],
    "output_clip": [
      false,
      false
    ]
  },
  "decode": {
    "input_clip": [
      false,
      false
    ],
    "output_clip": [
      false,
      false
    ]
  }
}
